p01,p03,p04,p05,p06,p07,p08,p09,p10,p11,p12,p13,p14,p15,p16,p17,p18,p19,p20,p21,p22,p23,p24,p25,p26,p27,p28,p29,p30,p31,p32,p33,p34,p35,p36,p37,p38,p39,p40,p41,p42,p43,p44,p45,p46,p47,p48,p49,p50,p51,p52,p53,p54,p55,p56,p57,p58,p59,p60,p61,p62,p63,p64
05_Excelente,5,5,5,5,5,5,5,5,5,los limites porque queda super claro el contenido,al haber repasado antes de hacer el cuestionario del curso,5,5,5,5,5,5,5,5,creo que los contenidos pasados en el curso complementan bastante lo que se espera aprender de las clases de catedra,5,4,5,5,5,,5,5,5,5,5,5,5,sin observaciones,5,5,5,5,5,5,4,4,5,4,4,4,4,5,5,5,4,5,5,Algo pesada,Algo más fácil,Algo largo,Similar,1,1,1,1,que tomen el taller es muy bueno
03_Neutral,4,4,3,4,3,5,4,3,4,video didactico,explicacion paso paso,3,3,4,4,3,3,3,3,examen final demaciado extenso,2,2,3,2,2,supe como comunicarme con el,4,4,3,3,5,5,4,contacte con ellos,4,3,3,4,3,5,4,3,4,4,4,3,4,4,3,4,4,3,4,Algo pesada,Algo más difícil,Algo largo,Mejor,1,0,0,0,que lo hagan con mas anticipacion
04_Muy bueno,5,5,5,5,5,5,5,5,4,en la evaluación final deje mi computador encendido y al momento de retomar mi sobrino presiono un botón el cual desconozco cuál fue y logre ver ninguna pregunta,es muy bueno que sea interactivo y así lograr estudiar en horarios que se puedan manejar,5,5,5,5,5,4,4,4,sin comentarios,3,5,5,5,5,seria ideal que entregue más ejemplos,5,5,5,5,5,5,5,podía ingresar este curso debido tener problemas con las credenciales,5,5,5,5,5,5,5,5,5,5,5,5,5,5,5,5,5,5,5,Algo pesada,Similar,Apropiado,Mejor,0,1,0,0,verificar las respuestas
03_Neutral,2,2,3,5,5,3,4,5,3,nada,tener mas tiempo,2,1,2,1,1,2,5,5,malo,3,2,2,2,2,lo use,2,3,3,3,3,3,3,lo use,2,2,3,2,2,2,3,2,2,3,3,2,2,3,3,2,2,3,3,Apropiada,Algo más difícil,Algo largo,Peor,0,0,1,0,tomarse el tiempo
05_Excelente,5,5,5,5,5,5,5,5,5,los videos interactivos ya que puedes avanzar y retroceder el video y así entender mejor los procedimientos de distinción ejercicios matemáticos,enviando recordatorios al correo,5,5,5,5,5,5,5,5,en resumen todos los elementos evaluados contribuyeron significativamente mi aprendizaje proporcionando recursos valiosos y soporte que facilitaron mi proceso educativo en este curso de matemáticas,5,4,5,4,5,con todas las dudas se puede resolver muy bien,5,4,5,5,4,5,5,en general excelente,4,5,5,5,5,5,5,5,5,5,5,5,5,5,5,5,5,5,5,Algo pesada,Algo más fácil,Demasiado largo,Mucho mejor,0,1,1,0,que se den por vencidos
03_Neutral,4,4,4,4,4,4,4,4,4,las actividades de los videos,mejorando la explicacion de los videos,4,4,4,4,4,4,4,4,todo,3,5,5,5,5,todo,5,5,5,5,5,5,5,todo lo necesité,4,4,4,4,4,4,4,4,4,4,4,4,4,4,4,4,4,4,4,Apropiada,Similar,Apropiado,Mejor,0,0,1,0,todo
03_Neutral,4,4,4,4,4,4,4,4,4,el explicar todos los ejercicios aunque fue mal hay que seguir repasando,que solo fuera la alternativa de aser los ejercicios,4,4,4,4,4,4,4,4,sin comentarios,4,4,4,4,4,,4,4,4,4,4,4,4,sin comentarios,4,4,4,4,4,5,5,5,5,5,5,5,5,5,5,5,5,5,5,Apropiada,Mucho más fácil,Algo corto,Mucho mejor,1,1,1,1,tomar todas las ayudas que orese la casa de estudio tales como los talleres
04_Muy bueno,5,5,5,5,5,5,5,5,5,integrales,mas corto,3,2,5,5,5,5,5,5,buen material,5,5,5,5,5,buena,5,5,5,5,5,5,5,bueno,5,5,5,5,5,4,4,4,4,4,4,4,4,4,4,4,4,4,4,Algo pesada,Mucho más difícil,Demasiado largo,Similar,1,1,1,1,mas corto
04_Muy bueno,1,1,1,1,1,1,1,1,1,,,1,1,1,1,1,1,1,1,,4,1,1,1,1,,1,1,1,1,1,1,1,,1,1,1,1,1,1,1,1,1,1,1,1,1,1,1,1,1,1,1,Algo pesada,Algo más difícil,Algo largo,Mejor,1,1,1,1,
04_Muy bueno,5,5,5,5,5,5,5,5,5,videos,nada,5,5,5,5,5,5,5,5,,5,3,3,3,3,,3,3,3,3,3,3,3,sin comentarios,4,4,4,4,4,4,4,4,4,4,4,4,4,4,4,4,4,4,4,Apropiada,Similar,Apropiado,Mucho mejor,1,0,0,0,estudiar
04_Muy bueno,5,5,5,5,5,5,5,5,5,la variedad de módulos,sin comentarios,5,5,5,5,5,5,5,5,,5,5,5,5,5,,5,5,5,5,5,5,5,,5,5,5,5,5,5,5,5,5,5,5,5,5,5,5,5,5,5,5,Apropiada,Similar,Apropiado,Mucho mejor,1,1,1,1,que tome el taller con total seguridad
04_Muy bueno,5,5,5,5,5,5,5,5,5,la forma de interactuar en el video con los apredido,mas compacto,5,5,5,5,5,5,5,5,,5,5,5,5,5,lo encontre muy bueno explicando,5,5,4,5,5,5,5,fue necesario el soporte,5,5,5,5,5,5,4,4,4,4,5,5,4,4,4,5,5,5,5,Algo pesada,Similar,Algo largo,Mejor,1,1,1,1,que lo aprovechen y que se recomiende y force realizar en el inicio del bimestre
05_Excelente,4,4,4,5,4,4,4,3,3,el poder entender de mejor forma como desarrollar la unidad de derivadas e integrales,ayudo nivelar mis dificultades respecto entender la materia de la asignatura calculo,4,4,4,4,4,5,4,5,se pueden mejorar algunos aprendizajes de las capsulas haciendo mas didactico y explicativos las imagenes graficas,4,4,4,4,4,el desempeño y explicación respecto cada modulo que se presento fue bueno en lo explicativo y desarrollo,4,4,4,4,4,4,4,fue bueno el equipo de soporte la comunicación fue clara teniendo un buen desempeño,5,5,4,4,4,4,4,4,4,4,4,4,4,4,4,4,4,4,4,Apropiada,Algo más difícil,Algo largo,Similar,0,1,0,1,que tomen y realicen este taller ya que es muy importante generar una nivelación respecto las dudas que tenemos en la asignatura ayudando desempeñarnos de mejor manera en las unidades que contiene la asignatura
05_Excelente,5,5,5,5,5,5,5,5,5,limites y continuidad,lo encontre practico y sensillo pero sin duda genera un aprendizaje enorme,5,5,5,5,5,5,5,5,las metodologias que se indican son practica y contribuyente,1,5,5,5,5,contenido del taller metodologico y practico,5,5,5,5,5,5,5,el equipo de soporte brinda respuesta en forma oportuna,5,5,5,5,5,5,5,5,5,5,5,5,5,5,5,5,5,5,5,Apropiada,Algo más difícil,Apropiado,Mucho mejor,1,1,1,1,que sean disciplinados con la metodologia de estudio
04_Muy bueno,5,5,5,4,5,5,5,4,4,la metodologia de la plataforma,si pudiera tener mayor materia de contenido incial del calculo,5,3,5,5,5,5,5,5,fue poco el uso realizado,5,5,4,4,5,fue muy poco el uso de la plataforma por mi parte solo dedique ver las capsula,4,4,4,4,4,4,4,tuve contacto con ellos,5,5,5,5,5,4,5,5,5,5,5,5,5,5,5,5,5,5,5,Muy pesada,Mucho más difícil,Algo largo,Mucho mejor,0,1,0,0,mi caso son años que veo calculo y matematica directa por lo que seria bueno haber visto materia de instroducción al calculo
04_Muy bueno,4,4,4,4,5,4,4,4,4,matricez,mas videos,4,4,4,4,4,4,4,4,bueno,4,3,4,3,4,bueno,3,3,4,4,4,3,3,bueno,4,4,4,4,4,3,4,4,4,4,4,4,4,4,3,4,5,4,4,Apropiada,Algo más fácil,Apropiado,Mucho mejor,0,1,0,0,realizar el curso
01_Deficiente,4,4,2,5,4,5,3,2,5,los videos se podían ver tanto en pc como celular y fue excelente para poder organizar mis tiempos la retroalimentación con el profesor fue muy buena su información fue relevante y con prontitud gracias,debí haber tenido una mejor base de cálculo y álgebra quizás era muy avanzado para mi nivel que aún está pobre después de muchos años sin estudio,3,5,3,5,5,5,5,5,con respecto los videos la falencia que tiene es que son muy rápidos y pocos ejemplos para poder entender mejor,3,5,5,5,5,siempre enviando mensajes para dejar pasar muchos días entre un curso y otro eso fue bueno porque de cierta forma es una presión para poder organizarse con los contenidos además debo decir que las consultas que realicé por mensaje fueron respondidas rápidamente y con claridad,5,5,5,5,5,5,5,tuve oportunidad ni necesidad de comunicarme con el equipo de soporte,5,5,5,5,5,2,2,2,2,2,1,1,2,1,1,1,2,1,1,Muy pesada,Mucho más difícil,Algo corto,No tengo experiencia previa,0,1,0,0,quizás si es el mismo caso mío de dejar de estudiar por muchos años es mejor tomarlo ya que sentí con temor defraudada y desanimada sé que debo comenzar estudiar para poder estar al día con cálculo superior que debo cursar este bimestre gracias por todo este taller que sé que será de mucha ayuda para muchos alumnos
04_Muy bueno,5,5,4,4,4,4,5,4,4,capitulo,esta excelente requiere mejoras,5,2,4,2,3,3,3,3,capitulo derivadas,4,3,3,3,3,tuve contacto con nadie,4,4,4,4,4,4,4,excelente la presentación,5,5,5,5,5,4,4,4,4,4,4,4,4,4,4,4,4,4,4,Apropiada,Algo más difícil,Apropiado,Mejor,0,1,0,0,que realicen el taller ya que nos sirve para nivelar los conocimientos
04_Muy bueno,5,5,5,5,5,5,5,5,5,funciones y matrices,parece bien,5,4,5,4,5,5,5,5,demasiadas preguntas test de inicico,4,4,4,4,4,sin observacion,4,4,4,4,4,4,4,sin observacion,4,4,4,4,4,4,4,4,4,4,4,4,4,4,4,4,4,4,4,Algo pesada,Algo más difícil,Algo largo,Mejor,0,1,0,0,les ayudara nivelarse en matematicas
03_Neutral,4,4,3,4,4,3,3,4,4,los limites muy bien explicados,clases con docentes en línea,4,3,4,4,4,3,2,3,utilice las preguntas frecuentes las encontré durante el curso,4,5,5,5,5,contacte al tutor,5,5,5,5,5,5,5,utilice este servicio,4,4,4,4,4,4,3,4,4,4,4,3,4,4,4,3,3,4,3,Muy pesada,Algo más difícil,Demasiado largo,Peor,0,1,0,0,clases con docentes en línea
04_Muy bueno,5,5,5,5,5,5,5,5,5,volver repasar la parte de solido y revoluciones y matrices,volver recordar materias,5,5,5,5,5,5,5,5,,4,5,5,5,5,,5,5,5,5,5,5,5,,5,5,5,5,5,5,5,5,5,5,5,5,5,5,5,5,5,5,5,Apropiada,Algo más fácil,Apropiado,No tengo experiencia previa,1,1,1,1,
05_Excelente,5,5,5,5,5,5,5,5,5,bien,bien,5,5,5,5,5,5,5,5,bien,4,5,5,5,5,bien,5,5,5,5,5,5,5,bien,5,5,5,5,5,5,5,5,5,5,5,5,5,5,5,5,5,5,5,Algo ligera,Algo más fácil,Demasiado largo,No tengo experiencia previa,0,1,0,0,bien
05_Excelente,5,5,5,5,5,5,5,5,5,buenisimo,buenisimo,5,5,5,5,5,5,5,5,,5,5,5,5,5,,5,5,5,5,5,5,5,,5,5,5,5,5,5,5,5,5,5,5,5,5,5,5,5,5,5,5,Apropiada,Similar,Apropiado,Similar,0,0,1,0,
04_Muy bueno,5,5,5,5,5,5,5,5,5,el ir desarrollando ejercicios en cada explicacion,mucho para recordad,5,5,5,5,5,5,5,5,todo bien,5,5,5,5,5,tuve comunicacion fue necesario,5,5,5,5,5,5,5,lo use,5,5,5,5,5,5,5,5,5,5,5,5,5,5,5,5,5,5,5,Apropiada,Algo más fácil,Apropiado,No tengo experiencia previa,0,1,0,0,que lo aprovechen
04_Muy bueno,5,5,5,4,5,5,5,5,3,todos los capítulos fueron muy buenos ya que es un repaso de lo que ya ví en algún momento de mi carrera,más ejercicios de alternativas,5,5,5,5,5,5,5,3,ingresé al foro de consulta supe donde encontrarlo,5,4,4,4,4,ingresé al foro,5,5,5,5,5,5,5,muy bien explicado cada cápsula,5,5,5,5,5,5,5,5,5,5,5,5,5,5,5,5,5,5,5,Algo pesada,Algo más difícil,Algo largo,Mucho mejor,1,0,0,0,aprovechar el taller es una muy buena herramienta para recordar o relacionarse con la materia que hace mucho tiempo se ve
04_Muy bueno,5,5,5,5,5,5,5,5,5,gusto limites aclare muchas dudas,con mayor tiempo en el taller como realizarlo antes del inicio del año academico,4,5,5,5,5,5,5,5,gusto el material complementario de pdf,5,4,4,4,4,tuve mayor experiencia,4,4,4,4,4,5,4,tuve mayor experiencia,5,5,5,5,5,5,5,5,5,5,5,5,5,5,5,5,5,5,5,Muy pesada,Algo más difícil,Demasiado largo,No tengo experiencia previa,0,1,0,0,realizar el taller con mas tiempo
03_Neutral,5,4,3,5,5,5,5,5,3,modulo está mejor explicado que los demás,con más tiempo de disponibilidad,4,4,4,2,5,4,5,5,ninguno,4,5,5,5,5,tuve contacto,4,4,4,5,5,5,5,tuve contacto,5,5,5,5,5,4,4,4,4,4,4,4,4,4,4,4,4,4,4,Algo pesada,Mucho más difícil,Apropiado,No tengo experiencia previa,0,1,0,0,
04_Muy bueno,5,4,5,5,4,5,4,4,3,buena información para este curso,sí,4,4,5,4,5,4,5,4,se mejorado,4,4,5,4,5,buena,4,5,4,5,5,4,5,que sea tan extenso,4,5,4,4,5,4,5,5,4,5,4,5,4,5,5,5,4,4,5,Apropiada,Algo más difícil,Demasiado largo,Mejor,1,0,0,0,que sea tan extensa
05_Excelente,5,5,5,5,5,5,5,5,5,las derivadas,sin comentario,4,4,4,4,5,4,4,4,sin comentarios,4,3,4,4,4,sin comentario,4,4,4,4,4,4,4,sin comentarios,4,4,4,4,4,4,4,4,4,4,4,4,4,4,4,4,4,4,4,Apropiada,Similar,Apropiado,Mucho mejor,0,1,0,1,estudien mucha matematicas
04_Muy bueno,5,5,5,5,5,5,5,5,5,la explicación paso paso,disponiendo de mas tiempo para la cantidad de contenido,5,5,5,5,5,5,5,5,en primera instancia costo mucho en un principio entendia nada ahora con el taller logre entender algo,4,5,5,5,5,interacción clara,5,5,5,5,5,5,5,pagina estable,5,5,5,5,5,4,4,4,4,4,4,4,4,4,4,4,4,4,4,Algo pesada,Algo más difícil,Apropiado,Similar,0,1,0,0,que tomen nota de cada capitulo para tener un apaunte disponible y guia para resolver ejercicios
05_Excelente,5,5,5,5,5,5,5,5,5,,,5,5,5,5,5,5,5,5,,5,5,5,5,5,,5,5,5,5,5,5,5,,5,5,5,5,5,5,5,5,5,5,5,5,5,5,5,5,5,5,5,Algo pesada,Algo más difícil,Apropiado,Mejor,0,1,0,0,
04_Muy bueno,5,5,5,5,4,4,5,5,5,los videos y evaluaciones misma en cada capsula,pude deducir el calculo desde su base,5,5,5,4,4,4,4,4,realice en base lo aprendido igual hay cosas que están difíciles,5,5,4,5,5,bien,5,5,5,5,5,5,5,bien,5,5,5,5,5,5,5,5,5,4,4,5,5,5,4,5,4,5,4,Apropiada,Algo más difícil,Apropiado,Mejor,1,0,0,0,que tome notas comprensión ayudará las clases y pruebas de cálculo
04_Muy bueno,5,5,5,5,5,4,4,4,4,los ejercicios prácticos,con evaluaciones por unidad,4,4,4,5,5,5,5,5,simplemente todo el contenido esta acorde lo mínimo requerido para entender el contenido del modulo,5,3,3,4,4,con revisión del contenido basta y sobra,5,5,5,5,5,5,5,muy buena recepción y apoyo,5,5,5,5,5,5,4,4,4,4,4,4,4,4,4,4,4,4,4,Apropiada,Mucho más fácil,Apropiado,Mejor,1,1,1,1,profundizar aún mas en el contenido
04_Muy bueno,5,5,5,5,5,5,5,5,5,todas ya que tienen un buen contenido y es didáctica,está ideal,5,5,5,5,5,5,5,5,todo muy bien,5,5,5,5,5,buena,5,5,5,5,5,5,5,buena,5,5,5,5,5,5,5,5,5,5,5,5,5,5,5,5,5,5,5,Apropiada,Algo más fácil,Apropiado,No tengo experiencia previa,0,1,0,0,que realicen el taller
04_Muy bueno,5,4,5,5,5,5,5,5,5,las clases didacticas,nada,4,5,5,5,5,5,5,5,,4,4,4,4,4,,4,4,4,4,4,3,5,,5,5,5,5,5,4,4,4,4,4,4,4,4,4,4,3,3,3,3,Algo pesada,Algo más difícil,Apropiado,No tengo experiencia previa,0,1,0,0,
03_Neutral,4,4,3,5,5,3,5,1,2,los pdf explicativos de los videos,juegos y ejercicios mas interactivos,4,4,4,4,5,2,2,2,,4,1,1,3,1,,4,4,4,3,3,3,3,,5,5,5,5,5,5,5,5,4,4,4,4,4,4,4,4,4,4,4,Algo pesada,Algo más fácil,Algo largo,No tengo experiencia previa,0,1,0,0,estudien chicos
04_Muy bueno,4,5,5,5,5,4,4,4,4,los ejercicios de desarrollo aplicados,es bueno,5,5,5,5,5,5,5,5,si buena,5,5,4,5,5,buena,3,4,4,5,5,5,5,buena en general con disponibilidad,5,5,5,5,5,5,5,5,5,5,5,5,5,5,5,5,5,4,4,Muy pesada,Mucho más difícil,Algo largo,Mejor,0,1,0,0,que es difícil la compatibilidad de trabajo con los estudios pero con perseverancia y tiempo para refrescar los contenidos
04_Muy bueno,4,4,4,4,4,3,4,3,3,los problemas poruqe hacen pensar mas,recordar un poco mas la materia pasada,3,3,3,3,2,3,4,3,si,3,3,3,3,4,explicar un poco mas de lo básico,4,3,3,4,3,3,3,tiene que ser mas didactica,4,4,3,3,4,3,3,3,3,3,3,3,3,4,4,4,4,4,4,Algo pesada,Similar,Algo largo,Similar,0,1,0,0,que lo realicen para reforzar
03_Neutral,4,4,3,5,5,3,4,5,3,la interactividad,entregar ejemplos más sencillos,4,3,4,2,5,3,3,2,aplica,5,3,5,4,5,aplica,4,5,3,4,4,4,3,aplica,5,4,5,4,4,4,3,3,3,3,3,3,3,3,3,4,3,3,4,Algo pesada,Mucho más difícil,Algo largo,Mejor,0,1,0,0,
04_Muy bueno,4,4,4,4,5,5,5,5,5,módulos cortos de rápido avance,una evaluación final más corta de solo ver la cantidad de preguntas lancé varias al azar quizá prueba reprobatoria por cada unidad,4,3,5,3,5,3,1,1,cuestionarios diagnóstico y final muy largos solo verlos desmotiva el curso deberían hacer más pruebas pero más cortas en cuanto consultas las que están en debates jamás fueron respondidas,4,1,1,1,1,ni idea de quien era jamás se hizo presente ni respondió las dudas en debates,2,2,3,3,3,3,2,cuando nos cargaron el taller demoraron mucho tiempo en hacerlo pese la insistencia de los estudiantes,5,5,5,5,5,4,4,3,4,4,4,4,3,4,4,3,4,3,3,Algo pesada,Algo más difícil,Algo largo,Similar,0,1,0,0,que lo hagan de poco todo de una vez
04_Muy bueno,5,5,5,5,5,5,5,5,5,el paso paso del desarrollo de los ejercicios refresca la memoria,haber tenido más fresca la información muchos años sin ver estos contenidos,5,5,5,5,5,5,5,5,muy bueno todo el material aunque es mucha información imposible aprender tanto en tan poco tiempo,2,5,5,5,5,siempre han respondido todas mis consultas al igual que mis profesores,5,5,5,5,5,5,5,siempre prontos responder y ayudar,5,5,5,5,5,3,3,3,3,3,3,3,3,3,3,3,3,3,3,Muy pesada,Mucho más difícil,Algo largo,Peor,0,0,1,0,tener una buena base en matemáticas y los conocimientos más frescos
04_Muy bueno,4,4,4,5,5,5,4,5,5,poder recordar conocimientos previos creo que incluso debería ser prerrequisito para aquellos que tienen continuidad de estudios para reactivar aprendizajes relevantes para el modulo,creo que fue bastante positivo,5,5,5,5,5,5,5,5,esta toda las informaciones buen estructuradas para poder estudiar conocimientos relacionados con calculo superior,5,5,5,5,5,por lo general apoye mas con la documentación subida tengo mucho mas que comentar,5,5,5,5,5,5,5,tengo mayores comentarios,5,5,5,5,5,5,5,5,5,5,5,5,5,5,5,5,5,5,5,Algo pesada,Algo más difícil,Apropiado,Similar,1,0,0,0,que le dediquen tiempo como si fuera un modulo mas puesto que apoya bastante enfrentar módulos mas complejos
04_Muy bueno,5,5,5,5,5,5,5,5,5,la forma explicativa de las ppt y la interacción,fue una buena experiencia,2,2,5,5,5,5,5,5,encontré los cuestionarios mencionados,1,2,2,2,2,tuve relación con el tutor del taller,2,2,2,2,2,2,2,tuve interacción con soporte,5,5,5,5,5,4,4,4,4,4,4,4,4,4,4,4,4,4,4,Apropiada,Similar,Apropiado,Similar,1,0,0,0,prestar especial atención cada capsula
04_Muy bueno,4,4,4,5,4,4,4,4,4,los graficos claros,mas explicacion de pasos en los ejercicios,4,4,4,4,4,4,4,4,,4,4,4,4,4,,3,3,3,3,3,3,3,,4,4,4,4,4,4,4,4,4,4,4,4,4,4,4,4,4,4,4,Algo pesada,Algo más difícil,Algo largo,No tengo experiencia previa,0,1,0,0,
03_Neutral,3,3,3,3,2,3,3,3,3,,,3,3,3,3,3,3,3,3,,2,1,1,1,2,,2,2,2,2,3,2,2,,3,2,3,2,2,3,3,3,5,4,4,1,3,2,3,3,3,3,3,Algo pesada,Similar,Algo corto,No tengo experiencia previa,0,0,1,0,
03_Neutral,2,4,4,2,4,2,4,2,2,limites,con apps uno uno,2,2,2,3,3,3,3,3,tengo uso de soporte tecnico,4,3,3,3,3,nada que agregar,3,3,3,3,3,3,3,tuve oportunidad hablarles,1,1,2,2,1,2,3,3,3,3,3,3,3,3,3,3,3,3,3,Algo pesada,Algo más difícil,Algo corto,Mejor,0,1,0,0,estudiar via youtube
04_Muy bueno,5,5,5,5,5,5,5,5,5,desarrollo de los ejercicios,capsulas más interactivas,5,5,5,5,5,5,5,5,mejorar cápsulas,5,5,5,5,5,mejorar cápsulas,5,5,5,5,5,5,5,mejorar cápsulas,5,5,5,5,5,5,5,5,5,5,5,5,5,5,5,5,5,5,5,Muy pesada,Algo más difícil,Algo largo,Mejor,0,0,0,1,interiorozarse más con las capsulas
04_Muy bueno,5,5,5,5,5,5,5,5,5,el capítulo de álgebra lineal porque entender operaciones matriciales valores y vectores propios es clave para futuras asignaturas como ecuaciones diferenciales,recuerdo una pregunta de la una de las cápsulas de cálculo que tenía error en su resolución corrigiéndola mejorará la experiencia del alumno,5,5,5,5,5,5,5,5,,5,5,5,5,5,,5,5,5,5,5,5,5,recibí rápida respuesta cuando escalé al equipo de soporte que tenía cargado el taller,5,5,5,5,5,5,5,5,5,5,5,5,5,5,5,5,5,5,5,Apropiada,Algo más difícil,Apropiado,Similar,0,1,0,0,que resuelvan todas las cápsulas y tengan en consideración que en futuras asignaturas algunas materias se seguirán usando por lo que es fundamental aprenderlas
03_Neutral,5,5,5,5,5,5,5,5,5,cada parte explicativa,mayor tiempo,5,5,5,5,5,5,5,5,,4,5,5,5,5,fue buena experiencia de aprndizaje,5,5,5,5,5,5,5,buena experiencia,5,5,5,5,5,5,5,5,5,5,5,5,5,5,5,5,5,5,5,Apropiada,Similar,Apropiado,Similar,0,1,0,0,darse el tiempo
05_Excelente,5,5,5,5,5,5,5,5,5,cuando explican las matices y asu vez todo el contenido de integrales ya que acordaba de ciertas cosas como las antiderivadas y las primitivas,debieron haber explicado un poco mas lento la materia ya que se veía que iba demasiado rápido la persona que lo explicaba,4,4,4,5,4,4,4,3,gusto la forma en como se plantearon los cuestionarios ya que lo encontré mucho mas didáctico,4,3,4,3,4,quiza debio haber alguna parte en donde se pueden ingresar preguntas para que se pudieran responder futuro,4,4,3,3,4,4,4,,5,5,5,4,4,4,4,4,4,4,4,4,4,4,4,4,4,3,4,Muy pesada,Mucho más difícil,Algo largo,Similar,0,1,0,0,que pongan atención sobre todo en los ejemplos que se dan ya que son una guía muy buena para resolución de los futuros problemas que se puedan plantear en las clases venideras
04_Muy bueno,3,4,3,3,4,4,4,4,2,,,4,2,3,3,4,3,2,2,,4,2,2,2,2,,2,4,3,3,3,3,2,,3,3,3,3,3,3,3,3,3,3,3,3,3,3,3,3,3,3,3,Muy pesada,Mucho más difícil,Apropiado,Similar,0,0,0,1,
04_Muy bueno,5,5,5,5,5,5,5,5,5,explican dinamicamente,siempre hay algo que mejorar,5,5,5,5,5,5,5,5,mi nota era muy buena pero con el taller mejoraron un poco y mas mi forma de pensar las cosas,5,5,5,5,5,explica de manera metodica,5,5,5,5,5,5,5,estan al pendiente en ayudar,5,5,5,5,5,5,5,5,5,5,5,5,5,5,5,5,5,5,5,Algo pesada,Similar,Apropiado,Mejor,1,0,0,0,tomar apuntes
04_Muy bueno,4,4,4,4,4,4,4,4,4,el poder interactuar y ver los errores,teniendo un docente en línea para este tipo de cursos,4,4,4,4,4,4,4,4,,4,4,4,4,4,,4,4,4,4,4,4,4,,4,4,4,4,4,4,4,4,4,4,4,4,4,4,4,4,4,4,4,Algo pesada,Similar,Apropiado,Mejor,1,0,0,0,
04_Muy bueno,4,4,4,4,4,5,5,4,5,la prueba de diagnostico hizo ver que debia esforzarme,con mas tiempo,4,4,4,4,4,4,4,4,bien pero para un programa de continuidad igual es bien dificil,4,5,4,4,4,muy bien el profesor muy bien como explica con calma gusto,4,4,4,4,4,4,4,bien con respiestas rapidaz,4,4,4,4,4,4,4,4,4,4,4,4,4,4,4,4,3,4,4,Algo pesada,Similar,Apropiado,Similar,0,1,0,0,que se preparen con anticipacion para este ramo
04_Muy bueno,5,5,5,4,5,5,3,3,4,dar las respuesta los test,esta bien asi,3,5,4,5,5,5,5,5,,3,4,2,3,5,,4,4,4,4,4,4,4,,4,4,4,4,4,4,4,4,4,4,4,4,4,4,4,4,4,4,4,Muy ligera,Similar,Algo largo,Similar,0,0,1,0,
04_Muy bueno,5,4,4,4,4,4,4,4,4,lo mejor fue los ejercicios de gráficos ya que la aplicación de formulas y ecuaciones en gráficos son mas representativas,todo bien,4,4,4,4,4,4,4,4,,4,4,4,4,4,,4,4,4,4,4,4,4,,4,4,4,4,4,4,4,4,4,4,4,4,4,4,4,4,4,4,4,Algo pesada,Similar,Algo largo,Mejor,0,0,1,0,
04_Muy bueno,5,5,5,5,5,5,5,5,5,el hecho de tener limite de tiempo para realizar las actividades se acomoda muy bien al tiempo que tiene uno como alumno trabajador,,5,5,5,5,5,5,5,5,,5,5,5,5,5,,5,5,5,5,5,5,5,,5,5,5,5,5,5,5,5,5,4,5,4,4,5,5,5,5,5,4,Apropiada,Algo más fácil,Apropiado,Mejor,0,1,0,0,
04_Muy bueno,5,5,5,5,4,5,5,5,3,,,5,3,5,5,5,5,4,4,,5,1,3,3,4,,4,4,4,4,4,3,2,,5,5,5,4,5,4,4,4,5,5,5,4,4,4,4,5,5,5,5,Apropiada,Mucho más difícil,Apropiado,Mucho mejor,1,0,0,0,realizarlo con calma y con tiempo para facilitar la concentración totalmente recomendable
04_Muy bueno,5,5,5,5,4,5,4,5,5,,,5,3,4,5,2,4,4,4,,2,5,3,4,5,,5,3,5,5,4,4,5,,3,4,3,3,3,3,4,5,5,4,4,4,4,5,4,4,4,4,4,,,,,0,1,0,0,
04_Muy bueno,4,5,5,5,5,4,5,5,5,la posibilidad de responder alternativas mientras se desarrollaba el contenido,mi experiencia fue buena,4,5,5,4,5,5,5,5,todo el apoyo estaba muy bien explicado,4,2,2,4,4,el tutor del taller fue participe,4,4,4,4,4,4,4,hubo mayor comunicacion,4,4,4,4,4,4,4,4,4,4,4,4,4,3,3,4,4,4,4,Apropiada,Algo más difícil,Apropiado,Mucho mejor,1,0,0,0,que se tomen el tiempo de realizarlo ya que es una gran apoyo
04_Muy bueno,4,5,5,5,4,5,5,5,5,las y las evaluaciones en cada punto,administrar mejor mis tiempos,5,5,5,5,3,3,5,5,,4,5,4,5,4,,4,5,5,5,5,5,5,,5,5,5,3,5,3,5,5,5,5,2,4,5,4,5,5,5,5,5,Apropiada,Algo más difícil,Apropiado,Mucho mejor,0,1,0,0,administrar bien sus tiempos y utilizar mayores recursos
05_Excelente,5,5,5,5,5,5,5,5,5,como se responden los ejercicios,sin comentarios,5,5,5,5,5,5,5,5,sin comentarios,5,5,5,5,5,,5,5,5,5,5,5,5,,5,5,5,5,5,5,5,5,5,5,5,5,5,5,5,5,5,5,5,Algo pesada,Algo más difícil,Apropiado,Mejor,0,1,0,0,sin comentarios
03_Neutral,3,2,3,2,3,2,3,2,3,derivadas,creo que falta un poco de sincronico o realizar un poco de reforzamiento presencial,2,3,2,3,2,3,3,4,la verdad este ramo ya lo habia cursado entiendo por que lo quieren hacer repetir,3,2,3,4,3,bueno,2,3,4,3,4,3,3,soporte ninguno,2,3,4,3,3,3,3,3,3,3,3,3,3,3,3,3,3,3,3,Apropiada,Similar,Apropiado,Similar,0,1,0,0,deberian realizar un taller presencial
05_Excelente,5,5,5,5,5,5,5,5,5,encuentro los siguientes aspectos como lo mejor del taller el contenido matemático seleccionado realmente cumple el objetivo académico de recordar reforzar y aprender la estructura académica de los contenidos es excelente mi modesto entender tiene dificultad creciente ante cualquier duda encontré respuesta y respaldo,una modesta sugerencia una evaluación intermedia,5,5,5,5,5,5,5,5,las cápsulas y material complementario son un real aporte al aprendizaje,5,5,5,5,5,se nota la preocupación constante del tutor,5,5,5,5,5,5,5,se nota que está bien planificado y ejecutado,5,5,5,5,5,5,5,5,5,5,5,5,5,5,5,5,5,5,5,Algo pesada,Algo más difícil,Apropiado,Mejor,0,0,0,1,que tomen en serio el taller de nivelación es realmente útil y te da una mirada real de falencias y fortalezas que ostentas en matemáticas es muy útil
04_Muy bueno,5,4,4,4,4,4,4,4,4,modulo completo,todo,4,4,4,4,4,4,4,4,todo bien y claro en los contenidos,5,4,4,4,4,todo claro y genial,4,4,4,4,4,4,4,bien claro todo,4,4,4,4,4,4,4,4,4,4,4,4,4,4,4,4,4,4,4,Apropiada,Algo más difícil,Apropiado,Mucho mejor,1,0,0,0,que tomen el taller ya que es de bastante utilidad br
04_Muy bueno,3,4,4,4,3,4,4,3,3,trae ejercicios para autoevaluarse,algunas explicaciones pasan muy rápido y están explicadas en detalle asi mismo los ejercicios aunque se responde acertadamente deberia incluir el desarrollo,4,4,3,3,4,2,1,1,hice consultas y obtuve respuestas algunos respuestas de ejercicios en las capsulas estaban con errores,4,1,1,1,1,nunca supe quien era el tutor o si lo habia habia nula información al respecto,2,2,1,1,1,1,1,hubo nula información al respecto,4,4,4,3,4,3,4,3,3,3,3,3,3,3,2,3,2,2,2,Muy pesada,Mucho más difícil,Algo largo,Peor,0,1,0,0,aprovechar la instancia pese toda la carga y dificultad de algunos contenidos siempre será positivo para más adelante
04_Muy bueno,5,5,4,5,4,4,4,4,3,,,4,4,4,4,4,3,3,3,,4,2,1,3,3,,3,3,4,4,4,4,4,,4,4,4,4,4,4,4,4,4,3,3,4,3,4,4,4,4,3,3,Apropiada,Algo más fácil,Apropiado,Mucho mejor,0,1,0,0,
04_Muy bueno,4,5,4,5,5,4,5,4,3,en contenidos que pude recordar con facilidad,tal vez ir mas al detalle en algunos contenidos,5,4,4,5,5,4,4,4,nada que agregar,5,3,3,4,3,tuve interacción con el tutor,4,3,4,4,4,4,4,,5,5,5,5,5,3,4,5,5,5,4,3,4,4,3,3,4,3,3,Algo pesada,Mucho más difícil,Algo largo,Mucho mejor,0,0,1,0,es de mucha utilidad cuando recuerdas muchos conceptos y formulas
05_Excelente,5,5,5,5,5,5,5,5,5,los videos interactivos,con alguna guia de ejercicios para cada unidad de aprendizaje,5,5,5,5,5,5,5,5,considero que fue una buena experiencia la del taller en todo momento,5,5,5,5,5,fue una buena experiencia,5,5,5,5,5,5,5,excelente experiencia con el equipo de soporte,5,5,5,5,5,5,5,5,5,5,5,5,5,5,5,5,5,5,5,Apropiada,Algo más difícil,Apropiado,Mejor,0,1,0,0,que quizás las pruebas sean tan largas o que hayan más pruebas con menos preguntas
04_Muy bueno,5,5,5,5,5,5,5,5,5,,,5,5,5,5,5,5,5,5,,5,5,5,5,4,,5,5,5,4,5,5,5,,5,5,5,5,5,5,4,5,5,3,5,5,5,5,5,5,5,5,5,,,,,0,0,0,1,
04_Muy bueno,5,5,5,5,5,5,5,5,5,,,5,3,5,4,5,5,4,4,,5,5,5,5,5,,5,5,5,5,5,5,4,,5,5,5,5,5,5,5,5,5,5,4,4,5,5,5,5,5,5,5,Algo pesada,Similar,Algo largo,Similar,0,1,0,0,
04_Muy bueno,5,5,5,5,5,5,5,5,5,bastante didáctico,los tiempos,4,3,4,5,4,4,3,4,,4,3,1,3,3,,4,1,4,3,2,2,2,,4,4,3,3,3,3,4,4,5,4,3,3,3,4,4,5,4,4,3,,,,,0,0,0,0,
01_Deficiente,3,4,4,3,3,3,3,3,3,,,3,3,3,3,3,3,3,3,,3,3,3,3,3,,3,3,3,3,3,3,3,,3,3,3,3,3,3,3,3,3,3,3,3,3,3,3,3,3,3,3,,Mucho más difícil,Demasiado largo,Similar,1,0,0,0,
04_Muy bueno,5,5,5,5,5,5,5,5,5,los videos,,5,4,4,5,4,4,4,5,,4,5,4,5,4,,4,4,5,4,4,4,5,,5,5,5,4,4,4,4,5,5,5,5,5,5,5,5,5,5,5,5,Algo pesada,Algo más difícil,Algo largo,Similar,0,1,0,0,
05_Excelente,5,5,5,5,5,5,5,5,5,toda la materia del taller,mas ejemplos de ejercicio,5,5,5,5,5,5,5,5,,5,5,5,5,5,sin comentarios,5,5,5,5,5,5,5,sin comentarios,5,5,5,5,5,5,5,5,5,5,5,5,5,5,5,5,5,5,5,Apropiada,Algo más difícil,Apropiado,Similar,0,0,0,1,sin comentarios
05_Excelente,5,5,5,5,5,5,5,5,5,que sea mas corto,acompañamiento,5,5,5,5,5,5,5,5,,5,5,5,5,5,,5,5,5,5,5,5,4,,4,4,4,4,4,4,4,4,4,4,4,4,4,4,5,4,4,5,5,Muy pesada,Mucho más fácil,Demasiado largo,Mejor,0,0,1,0,
03_Neutral,4,4,4,4,4,4,4,4,4,mas ejercicios practicos,si,3,4,4,4,4,4,4,4,si,4,5,5,5,5,si,4,4,4,4,4,4,4,esuvo bueno,4,4,4,4,4,4,4,4,4,4,4,4,4,4,4,4,4,4,4,Apropiada,Algo más fácil,Apropiado,Mejor,0,0,1,0,mas desarollo de los temas
05_Excelente,5,5,5,5,5,5,5,5,5,todos fueron de muha utilidad,creo que es claro,5,5,5,5,5,5,5,5,,5,5,3,5,4,,5,5,5,5,5,5,5,,5,5,5,5,5,5,5,5,5,4,5,5,5,5,5,5,5,5,5,Algo pesada,Similar,Demasiado largo,Similar,1,0,0,0,
04_Muy bueno,5,4,5,5,5,5,5,4,3,la especificación de integrales porque abrió pasos mayor aplicabilidad,mayor interacción con un docente y seguimiento,4,4,5,5,4,2,3,2,,3,3,3,3,3,,4,4,3,4,4,3,4,,5,4,4,5,4,4,4,5,5,4,4,4,4,4,5,4,4,4,4,Apropiada,Algo más difícil,Apropiado,Mejor,1,0,0,0,
02_No muy bueno,3,5,4,4,3,3,2,2,1,se logra introducir en un mismo taller la totalidad de conceptos relevantes previos calculo superior,el tema es que se logra un aprendizaje pedagógico esto debido que va directo las formulaciones de manera rápida y sin antes explicar la funcionalidad de cada concepto ni introducir los diferentes contenidos de la manera en que uno esperaría se explican bien las formulaciones si más bien las colocan y leen rápidamente entiendo que debemos entrar con el conocimiento previo pero también se entiende que cuando pasamos dichos contenidos pudieron haber sido hace años en resumen hubiese gustado haber visto un video en el que un docente explica la materia más que de la manera robotizada actual,3,2,2,4,2,3,2,1,hay interacción con los foros de consultas ni se generan avisos,3,1,1,1,3,,2,2,2,2,2,2,2,,4,2,2,2,2,2,2,2,2,2,2,2,2,2,2,2,2,2,2,Muy pesada,Algo más difícil,Algo largo,Mejor,0,0,0,1,dicho lo anterior es importante realizar este taller pero por sobre todo reforzar con contenidos externos al que en este taller podrán encontrar
05_Excelente,5,5,4,5,5,5,5,5,5,,,5,5,5,5,5,5,5,5,,5,5,5,5,5,,5,5,5,5,5,5,5,,5,5,5,5,5,5,5,5,5,5,5,5,5,5,5,5,5,5,5,Apropiada,Algo más difícil,Apropiado,Mucho mejor,0,0,1,0,que se den el tiempo de aprender y llevar la practica lo aprendido debido que en el futuro desarrollaran los aprendido en la ejecución
04_Muy bueno,4,5,4,4,4,4,4,4,4,todo ordenado,mas explicacion detallada tanto tecnicismo,4,4,4,4,4,4,4,4,bien,5,4,4,4,4,bien,4,4,4,4,4,4,4,bien,4,4,4,4,4,4,4,4,4,4,4,4,4,4,4,4,4,4,4,Apropiada,Algo más difícil,Apropiado,Mejor,0,1,0,0,disciplina
03_Neutral,4,3,3,3,5,5,5,2,2,la flexibilidad para poder ir estudiando,haber tenido mas conocimientos por mi parte para aprender mejor,4,1,5,4,2,2,5,2,,4,3,3,3,3,,3,3,3,3,3,3,3,,5,5,5,5,5,3,3,3,3,3,3,1,3,1,1,1,3,1,2,Muy pesada,Mucho más difícil,Apropiado,Mejor,0,1,0,0,que se tomen mas tempo para realizarlo debido que su informacion es muy nesesaria
03_Neutral,3,4,3,4,2,2,2,2,1,todo es interesante porque aplica un aprendizaje,con tutorias para dicipar las dudas,2,1,3,3,4,4,1,1,falta más apoyo académico,4,1,1,1,4,hubo tutor para orientación y aclarar dudas,1,1,1,1,1,1,1,tiene buen acceso,4,4,4,4,4,4,4,4,4,4,4,4,4,4,3,3,3,2,2,Muy pesada,Algo más difícil,Demasiado largo,Mejor,0,1,1,0,que tengan estudios previos en precálculo para enfrentar de mejor forma este taller
05_Excelente,5,5,5,5,5,5,5,5,5,lenguaje y tiempos de los audios,,5,5,5,5,5,5,5,5,,5,5,5,5,5,,5,5,5,5,5,5,5,,5,5,5,5,5,5,5,5,5,5,5,5,5,5,5,5,5,5,5,Algo pesada,Algo más difícil,Algo largo,Similar,1,0,0,0,hacerlo con tiempo
03_Neutral,4,4,3,4,5,3,5,3,4,la explicación detallada y la evaluación del contenido en la medida que avanza la materia,sin observaciones,4,3,4,3,3,3,5,5,muy buena la metodología,4,4,5,5,4,fue necesario,5,5,5,5,5,5,5,sin observaciones,5,5,5,5,5,4,5,4,4,4,4,4,4,4,4,4,4,4,4,Muy pesada,Algo más difícil,Algo largo,Similar,1,0,0,0,realizar el taller
04_Muy bueno,5,5,5,5,5,5,5,5,5,toda muy practico y aplicable,mejor preparación,5,5,5,5,5,5,5,5,buenos,5,5,5,5,5,bueno,5,5,5,5,5,5,5,bueno br,5,5,5,5,5,5,5,5,5,5,5,5,5,5,5,5,5,5,5,Apropiada,Similar,Apropiado,Similar,1,0,0,0,que lo realicen por lo completo que es
05_Excelente,5,5,5,5,5,5,5,5,5,los contenidos,teniendo mayor interaccion con los colegas modo reuniones o conversatorios,5,5,5,5,5,5,5,5,todo el recurso dispuesto en bueno en relación lo que el alumno lo utiliza,5,5,5,5,5,todo bien,5,5,5,5,5,5,5,todo bien,5,5,5,5,5,5,5,5,5,5,5,5,5,5,5,5,5,5,5,Algo pesada,Algo más difícil,Apropiado,Mucho mejor,1,0,0,0,dedicarle mas tiempo y tener cargas laborales mayores si es en plan de continuidad de estudios mientras se trabaja
04_Muy bueno,5,5,5,5,5,5,5,5,5,las pruebas y videos,esta perfecto,5,5,5,5,5,3,1,1,,4,1,1,1,1,tuve,3,3,3,2,2,2,2,tuve,4,4,4,4,4,3,3,3,3,3,3,3,3,3,3,3,3,3,3,Muy pesada,Algo más difícil,Demasiado largo,Similar,0,0,0,1,
05_Excelente,5,5,5,5,5,5,5,5,5,,,5,2,2,2,2,2,2,2,,2,2,2,2,2,,2,2,2,2,2,2,2,,2,2,2,2,2,2,2,2,2,2,2,2,2,2,2,2,2,2,2,Algo pesada,Mucho más difícil,Demasiado largo,Mucho peor,0,0,0,1,
04_Muy bueno,4,4,4,5,5,5,4,5,5,la resolución de ejercicios porque es donde uno aplica lo que va aprendiendo independiente del resultado,alguna forma de nbsp nbsp que el contenido sea mas amigable para descargar ya que por trabajo paso bastante tiempo viajando y en los trayectos pongo estudiar,5,5,5,5,5,5,5,4,estuvo bueno el taller,5,5,5,5,5,interactúe en los foros,5,5,5,5,5,5,5,tuve mayor interacción,5,5,5,5,5,4,4,4,4,4,4,4,4,5,4,4,4,4,4,Algo pesada,Similar,Algo largo,Similar,0,1,0,0,que se tomen un tiempo para nivelar matemáticas
04_Muy bueno,5,5,5,5,5,5,5,5,5,realizar los ejercicios de prueba,con guias de trabajo,5,5,5,4,5,4,4,4,,4,3,1,5,5,,4,4,5,5,5,5,5,,5,5,5,5,5,5,5,5,5,5,5,5,5,5,5,5,5,5,5,Apropiada,Mucho más difícil,Algo corto,Mucho mejor,0,1,0,0,
03_Neutral,4,4,4,4,4,3,3,4,3,los ejercicios didacticos,mas ejercicios,4,2,4,4,5,3,2,3,nada por ahora,4,4,4,4,4,bueno,4,4,4,3,3,3,3,fue necesario,4,4,4,4,4,4,4,4,4,4,4,4,4,4,4,4,3,4,3,Muy pesada,Mucho más difícil,Demasiado largo,Mejor,0,1,0,0,necesitaran mucho tiempo si quieren aprender todo
04_Muy bueno,4,5,5,5,5,4,5,5,4,los videos,agregar pasos previos cada ejercicio habían ejercicios en que se saltaban pasos matematicos y habia que consultar por otros medios el paso siguiente,5,5,5,5,5,5,5,5,sin comentarios,5,5,5,5,5,accedí al tutor pero sin duda el tutor habria ayudado,5,5,5,5,5,5,5,tuve interacción con el equipo de soporte,5,5,5,5,5,4,4,4,4,4,4,4,4,4,4,4,4,4,4,Algo pesada,Algo más difícil,Algo largo,Mejor,1,0,0,0,recomiendo pasar por este taller pero está un poco extenso para quienes trabajamos y somos padres o madres de familia
03_Neutral,4,4,4,4,4,4,4,4,4,el paso paso,mejorar las explicaciones,3,2,4,4,4,4,3,3,mejorar calidad de preguntas y respuestas,3,4,4,4,4,sin comentarios,4,4,4,4,3,3,3,sin comentarios,3,3,3,3,3,3,3,3,3,3,3,3,3,3,3,3,3,3,3,Apropiada,Similar,Apropiado,Similar,0,1,0,0,sin comentarios
03_Neutral,4,5,4,5,2,4,4,4,4,recordar la materia pasada de forma sencilla,quizas separar las ultimas clases de algebra lineal,4,3,5,5,3,3,4,1,el foro deberia estar mas vivo hay preguntas o alguien dirigiendo el foro,1,2,1,1,2,hay tutor que diriga el curso,4,4,4,4,4,4,5,soporte bueno,5,5,5,5,5,4,4,4,4,4,4,4,4,4,4,4,5,2,2,Algo pesada,Similar,Algo corto,Mejor,0,1,0,0,que aprovechen el curso ya que sirve para repasar las materias vistas anteriormente en el primer paso por la universidad
05_Excelente,5,5,5,5,5,2,3,2,3,aplica,aplica,3,4,4,3,2,2,2,2,aplica,5,3,3,3,4,,5,5,3,5,5,3,4,,4,3,3,5,5,5,4,5,5,3,4,5,5,5,5,5,4,5,4,,,,,1,0,0,0,
05_Excelente,5,5,5,5,5,5,5,5,5,todo ya que da herramientas para entender mejor la materia,esta excelente,5,5,5,5,5,5,5,5,todo bien,1,5,5,5,5,es todo muy claro,5,5,5,5,5,5,5,tuve problemas,5,5,5,5,5,4,5,5,5,5,5,5,5,5,5,5,5,5,5,Apropiada,Similar,Apropiado,Similar,1,1,1,1,que es una excelente forma de repasar o de comenzar con nuevos conocimientos
03_Neutral,3,3,3,3,3,3,4,4,4,las ecuaciones graficadas,tutoria,3,3,3,2,1,3,2,2,falto mayor tutoria para poder obtener un mejor resultado,3,2,3,3,3,falto apoyo,2,2,3,3,4,4,3,falto soporte,3,4,4,4,4,4,3,3,3,4,3,3,3,3,3,4,3,3,3,Muy pesada,Similar,Algo largo,Similar,1,0,0,0,preparar una mejor base
04_Muy bueno,5,5,5,5,5,5,5,5,5,,,5,5,5,5,5,5,5,5,,5,5,4,5,5,,5,5,5,5,5,5,5,,5,5,5,5,5,5,5,5,5,5,5,5,5,5,5,5,5,5,5,Algo pesada,Similar,Apropiado,Similar,0,1,0,0,
05_Excelente,5,5,5,5,5,5,5,5,5,la explicación detallada de cada contenido y ejemplos,,5,5,5,5,5,5,5,5,,5,5,5,5,5,,5,5,5,5,5,5,5,,5,5,5,5,5,5,5,5,5,5,5,5,5,5,5,5,5,5,5,Apropiada,Algo más difícil,Apropiado,Mucho mejor,1,0,0,0,
03_Neutral,4,4,4,4,4,4,4,4,4,los videos mas dinamicos y con ejercicios,mas lentas las explicaciones,4,4,4,4,4,4,4,4,la plataforma es amigable en el uso,4,4,4,4,4,lo utilice,4,4,4,4,4,4,4,lo utilizado muy poco para entregar mas detalles,4,4,4,3,3,4,4,4,4,4,4,4,4,4,4,4,4,4,4,Algo pesada,Algo más difícil,Apropiado,No tengo experiencia previa,0,0,1,0,realizarlo ya que ayuda previo la otras asignaturas matematicas
05_Excelente,5,5,5,4,4,4,4,4,4,los resumenes en los pdf que permite orientarse permanentemente,quizas mas ejemplos para su aplicacion,4,4,4,4,5,4,4,4,sin comentarios,4,4,4,4,4,parece que esta disposicion de responder toda duda de los estudiantes,4,4,4,4,4,4,4,instuitivo de poder solicitar ayuda,4,4,4,4,4,3,3,4,4,4,4,3,3,3,3,3,3,4,3,Algo pesada,Similar,Apropiado,Mejor,0,1,0,0,realizar con tiempo y dedicacion ya que hay mucho detalle en la materia
05_Excelente,5,5,5,5,5,5,5,5,5,el contenido en egeneral y nbsp nbsp la vez de ir contenstando preguntas del contenido que van describiendo,haber sido mas didactico con mas ejercicios para poder entender mejor el contenido,5,5,5,5,5,5,5,5,esta bien descrito el contenido estudiar y los materiales de apoyo al estudiante,1,4,2,5,5,,5,3,5,5,4,4,5,,4,4,5,4,4,3,5,4,4,5,5,3,4,3,5,5,5,3,4,,,,,1,1,0,1,
03_Neutral,3,3,3,4,3,3,4,3,3,,una explicacion,3,3,3,3,3,3,3,3,,4,3,3,3,3,,3,3,3,3,3,3,3,bueno,5,5,3,4,3,3,3,3,3,3,3,3,3,3,3,3,3,3,3,Algo pesada,Algo más difícil,Algo largo,No tengo experiencia previa,0,1,0,0,realizar una retro alimentación
04_Muy bueno,4,3,4,4,4,4,4,4,4,la modalidad asincronica,horarios de dudas fijos con tutores,2,4,4,4,4,3,3,3,,4,3,3,2,3,,2,2,2,2,3,3,3,,4,4,4,4,4,4,4,4,4,4,4,4,4,4,4,4,4,4,4,Algo pesada,Algo más difícil,Algo largo,Similar,0,1,0,0,
04_Muy bueno,4,4,4,4,3,4,4,4,4,,,4,4,4,4,4,4,4,4,,4,4,4,4,4,,4,4,4,4,4,4,4,,4,4,4,4,4,4,4,4,4,4,4,4,4,4,4,4,4,4,4,Apropiada,Similar,Apropiado,Mejor,1,0,0,0,
03_Neutral,4,5,4,4,4,4,3,3,3,las alternativas,con más ejercicios,4,3,4,5,4,3,3,3,,2,3,2,1,4,tuve relación con el tutor,3,3,3,3,3,3,3,tuve comunicación,3,3,3,3,3,2,2,2,2,2,2,2,2,2,2,5,4,3,5,Apropiada,Algo más fácil,Algo largo,Similar,0,0,0,1,que lo revisen inicio del semestre unas semanas antes de iniciar cálculo
04_Muy bueno,5,5,4,4,5,5,5,4,4,calculo integral,consultas online,4,4,5,4,5,4,4,4,reforzo el conocimiento que tenia,5,3,4,4,4,respuestas idoneas,4,4,4,4,3,3,4,sin comunicacion con soporte,4,4,4,4,5,4,5,4,4,5,4,5,4,5,5,5,4,5,4,Algo pesada,Mucho más difícil,Apropiado,Mejor,1,1,1,1,estudiar
04_Muy bueno,4,4,4,4,4,4,4,4,4,los ejemplos de cada ejercicios,mas ejercicios,4,4,4,4,4,4,4,4,,5,4,4,4,4,,4,4,4,4,4,4,4,,4,4,4,4,4,4,4,4,4,4,4,4,4,4,4,4,4,4,4,Algo ligera,Algo más fácil,Algo corto,Mucho mejor,0,0,1,0,
03_Neutral,5,4,5,5,5,5,5,5,5,funciones por que es mi favorito,pareció bueno el contenido que se mostro,5,5,5,5,5,5,5,5,de acuerdo con el contenido para comenzar las pruebas oficiales es un buen repaso,4,5,5,5,5,sin comentarios,5,5,5,5,5,5,5,lo utilice,5,5,5,5,5,5,5,5,5,5,5,5,5,5,5,5,5,5,5,Algo pesada,Mucho más difícil,Demasiado largo,Mejor,0,1,0,0,que deben hacerlo con tiempo si verdaderamente quiere sacarle provecho ya que es bastante extenso
01_Deficiente,4,4,4,5,3,3,5,2,2,,,1,1,3,5,5,3,4,4,,3,3,3,3,3,,3,3,3,3,3,3,3,,5,5,4,4,4,2,2,2,2,2,2,2,2,2,2,2,2,2,2,Muy pesada,Mucho más difícil,Demasiado largo,Peor,0,1,0,0,
04_Muy bueno,5,5,5,5,5,5,5,5,5,lo dinámico,tengo observaciones,5,5,5,5,5,5,5,5,,5,5,5,5,5,,5,5,5,5,5,5,5,,5,5,5,5,5,5,5,5,5,5,5,5,5,5,5,5,5,5,5,Algo pesada,Similar,Algo largo,Mejor,0,1,0,0,
04_Muy bueno,5,5,5,5,5,5,5,5,5,gustó el contenido interactivo,siento que hay pocas cosas que se podrían cambiar quizas solo respecto visual,4,4,4,4,4,4,4,4,estuvo bien,4,5,4,4,4,por mi parte opte mucho por aplicar comunicacion,4,4,4,4,4,4,4,estuvo bien,4,5,5,3,4,4,4,4,4,4,4,4,4,4,4,4,4,4,4,Apropiada,Similar,Algo largo,No tengo experiencia previa,0,1,0,0,que aprovechen el contenido entregado servirá para las evaluaciones
04_Muy bueno,5,4,4,5,5,5,5,5,5,algebra en la funciones se centra mas en sumar resta multiplicaciones y divisiones de la función,interacción con los taller y ejercicios relacionado al tema nbsp nbsp y ir interactuando con ellos,4,5,4,3,5,5,5,5,tengo nada que decir,5,5,5,5,5,explica detalladamente nbsp nbsp los tema relacionado con los ejercicios,5,5,5,5,5,5,5,esta todo relacionado del tema esta bien,5,5,5,4,5,4,4,4,4,3,3,4,3,3,3,4,4,4,4,Muy pesada,Algo más difícil,Algo largo,Similar,1,0,0,0,toda el material que nos entra es muy útil ya que aplicamos todo los que hemos aprendido
05_Excelente,5,5,5,5,5,5,5,5,5,todo,mucho,5,5,5,5,5,5,5,5,,5,4,4,4,4,tube necesidad de contactarlo,5,5,4,5,5,5,4,,5,5,5,5,5,5,5,5,5,5,5,5,5,5,5,5,5,5,5,Apropiada,Similar,Apropiado,Mejor,1,1,1,1,
05_Excelente,5,5,5,5,5,5,5,5,5,el repasar todos los contenidos en orden,sugerencias de paginas web para explicar en detalle los pasos,5,5,5,5,5,5,5,5,muy buen curso de repaso de las materias en cuestión,5,5,5,5,5,muy competente,5,5,5,5,5,5,5,muy competente,5,5,5,5,5,5,5,5,5,5,5,5,5,5,5,5,5,5,5,Apropiada,Mucho más difícil,Apropiado,Mejor,1,1,0,0,realizar los ejercicios con tiempo
04_Muy bueno,4,5,4,4,5,5,5,4,4,enseñanza,comenzar con lo más básico ya que la mayoría de continuidad hemos olvidado la base,4,4,4,4,4,5,4,4,,4,4,4,5,3,,4,2,3,5,3,3,3,,4,4,2,4,4,3,4,4,4,3,4,4,3,4,4,4,4,4,4,Algo pesada,Algo más difícil,Algo largo,No tengo experiencia previa,0,1,0,0,realizar taller y complementar
05_Excelente,4,3,3,5,5,4,5,5,5,todo muy bien,muy bueno el taller,4,4,4,4,4,4,4,4,,1,4,4,4,4,,4,4,4,4,4,4,4,,4,4,4,4,4,4,4,4,4,3,3,3,3,3,3,3,4,2,3,Muy pesada,Mucho más difícil,Demasiado largo,Similar,0,1,0,0,
05_Excelente,5,5,5,5,5,5,5,5,5,los contenidos con evaluaciones cada vez que avanzas con distintas unidades,lo encontre bueno,5,5,5,5,5,5,5,5,el taller es bueno por que revisa todas las unidades asociadas la matematicas y calculo,5,5,5,5,5,didáctico y amigable,5,5,5,5,5,5,5,consideran buen tiempo para la realización del taller,5,5,5,5,5,5,5,5,5,5,5,5,5,5,5,5,5,5,5,Apropiada,Algo más difícil,Apropiado,Mejor,0,1,0,0,que realicen el taller por que ayuda bastante
05_Excelente,5,5,5,5,5,5,5,5,5,el final br,profesor en linea br,5,5,5,5,5,5,5,5,excelente,5,5,5,5,5,,5,5,5,5,5,5,5,,5,5,5,5,5,5,5,5,5,5,5,5,5,5,5,5,5,5,5,Algo ligera,Algo más difícil,Demasiado largo,Mucho mejor,1,0,0,0,
04_Muy bueno,4,5,5,5,5,5,5,5,5,todas ya que sirve para reforzar,más comprensión en los desarrollos,4,5,5,5,5,5,5,5,las mejore,5,5,5,5,5,bastante apoyo,5,5,5,5,5,5,5,dan solucion,5,5,5,5,5,5,5,5,5,5,5,5,5,5,5,5,5,5,5,Muy pesada,Mucho más difícil,Apropiado,Peor,0,0,1,0,que lo valoren
03_Neutral,3,3,3,3,3,3,3,3,3,,,3,3,3,3,3,3,3,3,,3,3,3,3,3,,3,3,3,3,3,3,3,,3,3,3,3,3,3,3,3,3,3,2,3,3,3,3,3,3,3,3,Apropiada,Similar,Apropiado,Similar,0,1,0,0,
04_Muy bueno,3,4,3,3,4,3,4,3,4,,,3,4,4,3,4,3,4,4,,5,4,4,4,3,buena,4,4,4,4,4,4,4,,4,4,4,4,4,4,4,4,4,4,4,4,4,4,4,4,4,4,4,Algo pesada,Algo más difícil,Apropiado,Similar,1,0,0,0,realizarlo con mas tiempo
04_Muy bueno,5,5,4,5,5,5,5,5,5,algebra lineal,mas videos y mas ejemplos,5,5,5,5,5,5,5,5,todo excelente,4,4,3,4,4,todo bien,3,3,3,3,3,3,3,bueno,4,4,4,4,4,4,4,4,4,4,4,4,4,4,4,4,4,4,4,Apropiada,Algo más difícil,Apropiado,Mejor,0,1,0,0,que estudien y practiquen
04_Muy bueno,4,4,4,4,4,4,4,4,4,,,4,4,4,4,4,4,4,4,,5,5,5,5,5,,5,5,5,5,5,5,5,,5,5,5,5,5,5,5,5,5,5,5,5,5,5,5,5,5,5,5,Algo pesada,Mucho más difícil,Apropiado,Mejor,0,0,0,1,
01_Deficiente,2,3,4,4,3,2,2,3,3,los ensayos y reforzamientos,con videos o clases de reforzamiento mas interactivas,3,3,3,3,3,3,3,3,,3,3,3,3,3,,3,3,3,3,3,3,3,responden rapido pero tego lsolo una experiencia,4,4,3,3,4,4,4,4,4,4,3,3,3,3,3,3,3,3,3,Muy pesada,Algo más difícil,Demasiado largo,Mucho peor,0,1,0,0,esforzarse y hacer nivelacion
04_Muy bueno,4,4,4,5,5,3,5,5,5,,si,5,5,5,5,5,5,5,5,,5,4,4,4,4,,5,4,4,4,4,4,4,,4,5,5,5,5,5,5,4,5,4,4,4,4,5,4,3,4,4,4,,,,,0,0,0,1,
04_Muy bueno,4,4,4,4,4,4,4,4,3,los ejercicios ya que si te equivocas te dan la respuesta correcta para así revisar los pasos errados,en ciertos ejercicios la explicación con más detalles,4,3,4,4,4,4,3,3,,4,4,4,4,4,,4,4,4,4,4,4,4,,4,4,4,4,4,4,4,4,4,4,4,4,4,5,4,4,3,4,5,,,,,1,0,0,0,
04_Muy bueno,4,4,4,4,4,4,4,4,3,las explicaciones graficas,sin observaciones,4,4,4,4,4,4,4,4,,4,3,3,3,3,,3,3,3,3,3,3,3,,4,4,4,4,4,4,4,4,4,4,4,4,4,4,4,4,4,4,4,Apropiada,Algo más difícil,Apropiado,Mejor,0,1,0,0,
03_Neutral,4,3,3,4,4,3,4,3,3,la información,con mayor interacción,3,3,4,4,4,4,4,4,es bastante complejo,3,2,2,2,2,ninguna,2,2,2,2,2,2,2,ninguna,4,4,4,4,4,4,2,2,2,2,2,2,2,2,2,2,2,2,2,Algo pesada,Algo más difícil,Demasiado largo,Similar,0,0,1,1,deben estudiar harto
04_Muy bueno,4,4,4,4,4,5,5,4,3,las preguntas interactivas,bastante,4,3,5,4,5,4,4,4,bastante complicadas,4,5,1,1,4,tuve interacción con el tutor,4,4,4,3,2,3,2,hubo tal experiencia,5,5,4,4,4,3,3,3,3,3,3,3,3,3,3,3,3,3,3,Muy pesada,Mucho más difícil,Algo largo,No tengo experiencia previa,0,0,1,0,que aprovechen muy bien esta materia
05_Excelente,5,5,5,5,5,5,5,5,5,,,5,5,5,5,5,5,5,5,,4,5,5,5,5,,5,5,5,5,5,5,5,,5,5,5,5,5,5,5,5,5,5,5,5,5,5,5,5,5,5,5,Algo pesada,Similar,Demasiado largo,No tengo experiencia previa,0,0,0,1,tomen apuntes
05_Excelente,5,5,5,5,5,5,5,5,5,lograr aprender,mas didactico,5,5,5,5,5,5,5,5,reforcé mis conocimientos,4,4,4,4,4,reforcé mis conocimientos,5,5,5,5,5,5,5,reforcé mis conocimientos,5,5,5,4,5,5,5,5,5,5,5,5,5,5,5,5,5,5,5,Algo pesada,Similar,Algo largo,Similar,0,0,0,1,realizar todas la actividades
04_Muy bueno,5,5,5,5,5,5,5,5,5,todas las capsulas fueron un aporte,puede mejorar mi experiencia si se puede utilizar por toda la carrera,5,5,5,5,5,5,5,5,fueron muy complejas pero abordables con el aprendizaje,5,5,4,5,4,super fluido,5,5,5,5,5,4,5,tuve problemas,5,5,5,5,5,5,5,5,5,5,5,5,5,5,5,5,5,5,5,Apropiada,,,,1,1,0,1,
05_Excelente,5,5,5,5,5,5,5,5,5,,,5,3,4,5,2,5,5,5,,4,3,1,3,3,,3,1,3,4,3,5,4,,4,3,2,4,4,3,4,4,4,4,3,3,4,5,3,4,4,3,4,,,,,1,0,0,0,
05_Excelente,5,5,4,5,5,5,4,4,5,la claridad en la enseñanza y ejemplos prácticos porque hicieron más fácil entender conceptos complejos,incluir más ejercicios prácticos interactivos o sesiones adicionales de preguntas,4,4,5,4,5,4,5,4,la variedad de materiales cuestionarios cápsulas y pdfs facilitó un aprendizaje profundo y versátil,4,5,4,5,5,el tutor fue paciente respondió claramente las consultas y aportó ejemplos útiles que reforzaron mi aprendizaje,5,5,4,5,5,5,5,el equipo de soporte resolvió rápidamente los problemas técnicos y siempre fue cortés y amable,4,4,4,4,4,5,5,4,4,4,4,5,5,4,4,5,3,3,3,Apropiada,Similar,Apropiado,Mejor,0,1,0,0,mejor complento con clases con profesores
04_Muy bueno,4,5,4,5,5,4,4,5,4,en general cada uno de los componentes entrega un reforzamiento de las materias,esta bien,4,5,5,4,5,4,5,5,todo bien solo que siempre se puede mejorar mas pero en general excelente,5,4,4,4,5,,5,5,5,5,5,5,5,comunique con soporte,5,5,5,5,5,5,5,4,4,4,4,4,4,4,4,4,4,4,4,Muy pesada,Mucho más difícil,Demasiado largo,Mejor,0,1,0,0,que lo realicen con tiempo
04_Muy bueno,5,5,5,5,5,5,5,5,5,,,5,5,5,5,5,5,5,5,,5,5,5,5,5,,5,5,5,5,5,5,5,,5,5,5,5,5,5,5,5,5,5,5,5,5,5,5,5,5,5,5,Algo pesada,Similar,Apropiado,Similar,0,0,1,0,
03_Neutral,3,3,3,3,3,2,3,3,1,todo,interaccion con profesor,3,3,3,3,3,3,3,3,es todo lo señalado,3,3,3,3,3,es todo,3,3,3,3,3,3,3,es todo,3,3,3,3,3,3,3,3,3,3,3,3,3,3,3,3,3,3,3,Apropiada,Algo más fácil,Apropiado,Similar,0,1,0,0,es todo
03_Neutral,4,4,4,4,4,5,5,4,5,dinamica,respuestas mas claras,4,5,4,5,1,3,3,4,,3,2,2,2,3,,4,3,3,3,4,4,5,,3,4,2,4,4,3,3,5,4,4,3,3,3,3,4,5,4,4,5,,,,,0,1,0,0,
03_Neutral,4,5,5,5,3,2,3,3,2,,,3,3,2,4,4,4,4,4,,4,3,3,3,3,,2,3,3,3,4,5,3,,3,3,3,2,3,3,3,2,2,2,3,3,3,3,3,3,3,3,3,Algo pesada,Algo más difícil,Demasiado largo,No tengo experiencia previa,0,1,0,0,
05_Excelente,5,5,5,5,5,5,5,5,5,los videos estan bien completos,por mi parte tener mas tiempo,5,5,5,5,5,5,5,5,,5,5,4,5,5,tuve interaccion,5,5,5,5,5,5,5,,5,5,5,5,5,5,5,5,5,5,5,5,5,5,5,5,5,5,5,Algo pesada,Similar,Demasiado largo,Similar,1,0,0,0,que realicen el curso con tiempo y tranquilidad
04_Muy bueno,4,4,4,4,4,4,4,4,4,todas por que todas ayudaron refrescar conocimientos pasados,esta todo bien,4,4,4,4,4,4,4,4,,4,4,4,4,4,bien,4,4,4,4,4,4,4,todo bien,4,4,4,4,4,4,4,4,4,4,4,4,4,4,4,4,4,4,4,Apropiada,Algo más difícil,Algo largo,Mejor,0,1,0,0,que hagan el taller pues
04_Muy bueno,5,5,5,5,5,5,5,5,5,la interaccion con la plataforma,md ayudo recordando conocimientos pasados,5,4,5,3,5,5,5,5,,5,5,5,5,5,,5,5,5,5,5,5,5,,5,5,5,5,5,5,5,5,5,5,5,5,5,5,5,5,5,5,5,Apropiada,Algo más fácil,Apropiado,Mucho mejor,0,1,0,0,
03_Neutral,4,4,5,2,3,4,3,3,3,los contenidos y ejercicios desarrollados,explicar ejercicios de vectores,4,3,5,3,3,4,3,5,siento que existieron razones para poder hacer este curso de nivelación lo cual es beneficioso para nosotros como alumnos,4,3,1,1,4,,2,3,3,3,3,3,3,,4,4,4,4,4,4,2,2,4,5,3,4,3,5,5,5,5,5,5,Algo pesada,Algo más difícil,Algo largo,Peor,0,0,0,1,
05_Excelente,5,5,5,5,5,4,4,4,4,todo,fue buena experiencia,4,4,4,4,5,4,5,4,buenas,4,4,4,4,4,buena experiencia,4,4,4,4,4,4,4,bueno equipo de soporte,4,4,4,4,4,4,4,4,4,4,4,4,4,4,4,4,4,4,4,Algo pesada,Algo más difícil,Apropiado,Mejor,0,1,0,0,que lo utilicen es muy bueno
03_Neutral,4,4,3,3,3,3,4,4,4,el audio,mas ilustraciones,4,4,4,4,4,4,4,4,,3,4,4,4,4,,4,4,4,4,4,4,4,,4,4,4,4,4,4,4,4,4,4,4,4,4,4,4,4,4,4,4,Algo pesada,Algo más fácil,Algo largo,Similar,1,0,0,0,
04_Muy bueno,5,5,5,5,5,5,5,5,5,,,5,5,5,5,5,5,5,5,,5,5,5,5,5,,5,5,5,5,5,5,5,,5,5,5,5,5,5,5,5,5,5,5,5,5,5,5,5,5,5,5,Algo pesada,Mucho más difícil,Algo corto,Mucho mejor,0,1,0,0,
04_Muy bueno,4,5,4,5,4,4,4,4,3,,,4,3,4,5,4,4,4,4,,4,2,2,2,3,,3,3,3,3,3,3,3,,3,3,3,4,4,3,3,3,3,3,3,3,3,3,3,3,3,3,3,Algo pesada,Similar,Algo largo,Mejor,0,1,0,0,
04_Muy bueno,4,4,4,5,4,4,4,4,4,cápsulas y pdf por el nivel de aprendizaje,mayor comprensión de los contenidos estudiados,4,4,4,4,4,4,4,4,publicar contenido más paso paso como realizar los ejercicios,4,3,3,3,3,comparti ninguna experiencia con el tutor del taller,3,3,3,3,3,3,3,tuve esperiencia con el equipo de soporte,4,4,4,4,4,4,4,4,4,4,4,4,4,4,4,4,4,4,4,Apropiada,Algo más fácil,Apropiado,Similar,1,0,0,0,realizar el taller cuando este disponible es de gran ayuda
04_Muy bueno,4,4,4,5,4,4,5,5,5,las clases interactivas porque se puede practicar,está bien como está,4,3,5,2,5,4,5,5,hay ítems que utilicé,5,4,4,4,4,tuve tutor de taller,4,4,4,5,4,5,4,creo haber solicitado soporte,5,5,5,5,5,4,4,4,4,4,4,4,4,4,4,4,4,4,4,Algo pesada,Similar,Algo largo,Mejor,1,0,1,0,que lo cursen
01_Deficiente,3,1,1,1,3,1,1,1,1,ninguna creo que el taller es debe ser creado para personas que tenemos conocimiento nulo entiendo las formulas pero la explicacion,nada,2,1,2,1,5,1,1,1,ntegonada que añadir solo que realicen el taller con mejores explicaciones tan tecnicas,1,4,4,1,1,nada,1,1,1,1,1,1,1,nada,4,4,4,2,3,1,1,1,1,1,1,1,1,1,1,1,1,1,1,Muy pesada,Mucho más difícil,Apropiado,Mucho peor,1,0,0,0,
05_Excelente,5,5,5,5,5,5,5,5,5,todas porque permitió recordar materia muy lejana,en la comprensión,5,2,5,3,4,4,5,5,muy malas por el momento,4,3,4,5,5,muy buena,5,4,5,5,5,5,3,buenísima,5,5,5,5,5,5,5,5,5,3,3,4,4,4,3,3,3,4,4,Apropiada,Mucho más difícil,Apropiado,Mucho mejor,0,1,0,0,desarrollarlo
03_Neutral,3,3,3,3,3,3,3,3,3,la certificación,dándole un orden lógico empezó de mas difícil mas fácil,1,2,2,3,2,1,1,1,los talleres son mas fáciles y demasiado fácil de evadir,2,1,1,2,2,agrado mucho prefiero responder,2,2,1,1,2,2,3,tuve contacto con soporte,1,1,1,1,1,3,3,3,3,3,3,3,3,3,3,3,3,3,3,Apropiada,Similar,Apropiado,Similar,0,1,0,0,que sean honestos
02_No muy bueno,3,3,2,4,3,2,3,3,2,para mi ninguna,verificando la calidad de la base de conocimiento de los alumnos,3,3,3,3,2,3,3,3,nose que preguntaba,3,3,3,3,3,tuve contacto con el,3,3,3,3,3,3,3,tuve contacto con ellos,4,4,3,3,4,3,3,3,3,3,3,3,3,3,3,3,3,3,3,Algo pesada,Algo más difícil,Algo corto,No tengo experiencia previa,0,0,0,1,deben utilizar todas las herramientas existentes para aprender los contenidos
05_Excelente,5,5,5,5,5,5,5,5,5,,,4,3,4,5,5,4,3,3,,5,5,4,4,4,,5,4,4,4,4,4,4,,4,4,5,3,4,3,5,4,5,4,4,4,3,4,4,3,4,4,3,,,,,1,1,1,1,
05_Excelente,5,5,5,5,5,5,5,5,5,cuando daban ejemplo antes de poner la pregunta en las capsulas,mucha información muy contenida pasadas algunas materias es contenido que jamás visto por lo que entró toda la información,4,4,5,5,5,5,5,5,todo,5,5,5,5,5,tuve,5,5,5,5,5,5,5,tuve necesidad,5,5,5,5,5,3,3,3,3,3,3,3,3,3,3,3,3,3,3,Muy pesada,Algo más difícil,Apropiado,Mucho mejor,0,1,0,0,la capsula dice polimonios cuando debería decir polinomios
05_Excelente,5,5,5,5,5,5,5,5,5,la explicacion de los videos,falta tiempo,5,5,5,5,5,5,5,5,la verdfad lo realice muy apurado,5,5,5,5,5,excelente explicaciones,5,5,5,5,5,5,5,utilice ese recurso,5,5,5,5,5,5,4,4,4,4,4,5,4,3,5,4,3,4,3,Apropiada,Algo más difícil,Apropiado,Similar,0,1,0,0,que pongan enfasis en el taller que es muy productivo
03_Neutral,4,5,4,5,5,5,4,3,3,los videos,más guías de ejercicio,5,3,5,5,4,3,3,2,sin mucho más que aportar,4,2,2,3,5,los videos pasan muy rápido faltan guías de ejercicios,5,4,5,5,3,3,4,es difícil acceder los documentos pdf,1,1,2,2,3,3,3,2,2,3,2,3,3,2,3,3,3,2,3,Apropiada,Mucho más difícil,Apropiado,Similar,0,1,0,0,
05_Excelente,5,5,5,5,5,5,5,5,5,en general la preocupación de la nivelación de nuestros conocimientos matematicos,estuvo todo bien,5,5,5,5,5,5,5,5,todo bien,5,5,5,5,5,hubo mayor necesidad de contactarlo la disciplina y el auto estudio es muy importante,5,5,5,5,5,5,5,todo bien,5,5,5,5,5,4,4,4,4,4,4,4,4,4,4,4,4,4,4,Apropiada,Algo más difícil,Apropiado,Mejor,0,1,0,0,paciencia concentración coraje
03_Neutral,4,4,4,4,4,4,4,4,4,,,5,5,5,5,5,5,5,5,,5,4,5,4,3,,4,4,3,5,5,4,5,,5,5,4,4,4,4,3,5,4,5,4,4,4,5,5,5,5,5,5,Apropiada,Similar,Apropiado,Similar,0,0,1,0,
04_Muy bueno,4,4,4,5,4,4,4,4,4,al ser un taller interactivo te incentiva continuar con las clases,tener un profesor en el cual te dicte las dudas con mayor facilidad,4,4,4,4,3,3,3,3,es lo justo y necesario,3,3,3,4,3,hubo tanta interaccion,4,4,4,4,4,4,4,fue efectivo y claro,4,4,4,5,4,3,4,4,4,3,3,3,3,4,3,3,3,4,4,Algo pesada,Similar,Algo largo,Similar,0,1,0,0,realizar el taller con determinacion y tiempo ya que al ser un taller sumativo es de suma importancia el estar alineado con las clases la que corresponde
03_Neutral,3,4,3,4,3,4,3,2,3,destaco ninguna en particular,es mucha información el taller hubiera preferido para este taller de apoyo clases sincronicas de reforzamiento,3,3,3,3,4,3,3,3,considero que este taller tiene mucha información para lo que dura,4,4,1,3,3,tuve tutor lo encontre que falta en caso de ser necesario,3,4,3,3,3,4,4,utilizado,3,3,3,3,3,4,3,3,3,3,3,3,3,3,3,3,3,3,3,Muy pesada,Mucho más difícil,Demasiado largo,Peor,0,1,0,0,
04_Muy bueno,5,5,5,5,5,5,5,5,5,los videos son claros en la exposición y muy didácticos para quienes llevábamos años alejados de las matemáticas,mi juicio esta perfecta la metodologia,5,5,5,4,4,5,5,5,tengo reparos acerca de las calificaciones,1,4,4,5,5,el tutor estuvo presente ante cualquier requerimiento,4,4,4,4,4,4,4,siempre que solicito su ayuda se hizo presente,5,5,5,5,5,5,5,5,5,5,5,5,5,5,5,4,4,4,4,Apropiada,Algo más difícil,Algo largo,Mejor,0,0,0,1,totalmente recomendable
05_Excelente,5,5,5,5,5,5,5,5,5,los ejercisios desarrollar,el aprendizaje adquirido,5,5,5,5,5,5,5,5,en cuanto las calificaciones anteriores esta bien evaluado,5,5,5,5,5,dinámico y muy efectivo,5,5,5,5,5,5,5,hubo problema siempre dispuesto ayudar,5,5,5,5,5,5,5,5,5,5,5,5,5,5,5,5,5,5,5,Algo pesada,Mucho más difícil,Apropiado,Mejor,1,1,1,1,que lo tome ya que le ayudara aclarar dudas y le servirá para ejercitar
